Pão,Leite
Pão,Manteiga,Café
Pão,Croissant,Suco de laranja
Pão,Queijo,Presunto
Pão,Baguete
Pão,Rosquinhas,Café,Leite
Croissant,Café,Suco de laranja
Pão,Rosquinhas,Manteiga
Pão,Baguete,Suco de laranja
Pão,Rosquinhas,Café
Pão,Leite
Pão,Manteiga,Café
Pão,Croissant,Suco de laranja
Pão,Queijo,Presunto
Pão,Baguete
Pão,Rosquinhas,Café,Leite
Croissant,Café,Suco de laranja
Pão,Rosquinhas,Manteiga
Pão,Baguete,Suco de laranja
Pão,Rosquinhas,Café
Pão,Leite
Pão,Manteiga,Café
Pão,Croissant,Suco de laranja
Pão,Queijo,Presunto
Pão,Baguete
Pão,Rosquinhas,Café,Leite
Croissant,Café,Suco de laranja
Pão,Rosquinhas,Manteiga
Pão,Baguete,Suco de laranja
Pão,Rosquinhas,Café
Pão,Leite
Pão,Manteiga,Café
Pão,Croissant,Suco de laranja
Pão,Queijo,Presunto
Pão,Baguete
Pão,Rosquinhas,Café,Leite
Croissant,Café,Suco de laranja
Pão,Rosquinhas,Manteiga
Pão,Baguete,Suco de laranja
Pão,Rosquinhas,Café
Pão,Leite
Pão,Manteiga,Café
Pão,Croissant,Suco de laranja
Pão,Queijo,Presunto
Pão,Baguete
Pão,Rosquinhas,Café,Leite
Croissant,Café,Suco de laranja
Pão,Rosquinhas,Manteiga
Pão,Baguete,Suco de laranja
Pão,Rosquinhas,Café
Pão,Leite,Manteiga,Café,Baguete
Pão,Manteiga,Café,Croissant,Suco de laranja
Croissant,Café,Suco de laranja,Queijo,Presunto
Pão,Baguete,Rosquinhas,Café,Leite
Croissant,Café,Suco de laranja,Queijo,Presunto
Pão,Rosquinhas,Manteiga,Baguete,Suco de laranja
Croissant,Café,Suco de laranja
Pão,Rosquinhas,Café,Leite,Queijo
Pão,Leite,Manteiga,Baguete,Suco de laranja
Croissant,Café,Suco de laranja
Pão,Rosquinhas,Café,Leite
Pão,Leite,Manteiga,Café,Queijo
Pão,Café,Suco de laranja,Presunto
Pão,Rosquinhas,Café,Leite,Manteiga
Pão,Baguete,Suco de laranja
Pão,Leite,Manteiga,Suco de laranja
Pão,Café,Suco de laranja
Pão,Rosquinhas,Manteiga,Presunto
Croissant,Café,Suco de laranja
Pão,Rosquinhas,Café,Leite
Pão,Leite,Manteiga,Café,Suco de laranja
Pão,Baguete,Suco de laranja
Pão,Café,Suco de laranja,Presunto
Pão,Rosquinhas,Café,Leite,Manteiga
Leite,Manteiga,Café,Suco de laranja,Baguete
Pão,Leite,Manteiga,Café,Queijo
Pão,Café,Suco de laranja,Presunto
Pão,Rosquinhas,Café,Leite
Pão,Baguete,Suco de laranja
Pão,Leite,Manteiga,Suco de laranja
Pão,Café,Suco de laranja
Pão,Rosquinhas,Manteiga,Presunto
Pão,Rosquinhas,Café,Leite
